State,Race Ethnicity,RE Sort,RE Flag,2000-2002,2000-2002 Flag,2003-2005,2003-2005 Flag,2007-2009,2007-2009 Flag,2008-2010,2008-2010 Flag,Location 1
Alabama,All races,1,,9.75,,10.35,,10.44,,10.40,,"{'needs_recoding': False, 'longitude': '-86.63186076199969', 'latitude': '32.84057112200048', 'human_address': '{""address"":"""",""city"":"""",""state"":""Alabama"",""zip"":""""}'}"
Alabama,American Indian or Alaska Native,6,3,9.68,,10.53,,8.00,*,8.44,,"{'needs_recoding': False, 'longitude': '-86.63186076199969', 'latitude': '32.84057112200048', 'human_address': '{""address"":"""",""city"":"""",""state"":""Alabama"",""zip"":""""}'}"
Alabama,Asian or Pacific Islander,5,3,7.38,,8.02,,8.76,,8.80,,"{'needs_recoding': False, 'longitude': '-86.63186076199969', 'latitude': '32.84057112200048', 'human_address': '{""address"":"""",""city"":"""",""state"":""Alabama"",""zip"":""""}'}"
Alabama,Black or African American,3,,14.10,,15.02,,15.50,,15.41,,"{'needs_recoding': False, 'longitude': '-86.63186076199969', 'latitude': '32.84057112200048', 'human_address': '{""address"":"""",""city"":"""",""state"":""Alabama"",""zip"":""""}'}"
Alabama,Hispanic or Latina,4,2,6.95,,6.92,,6.63,,6.44,,"{'needs_recoding': False, 'longitude': '-86.63186076199969', 'latitude': '32.84057112200048', 'human_address': '{""address"":"""",""city"":"""",""state"":""Alabama"",""zip"":""""}'}"
Alabama,White,2,,7.77,,8.46,,8.39,,8.40,,"{'needs_recoding': False, 'longitude': '-86.63186076199969', 'latitude': '32.84057112200048', 'human_address': '{""address"":"""",""city"":"""",""state"":""Alabama"",""zip"":""""}'}"
Alaska,All races,1,,5.71,,6.02,,5.84,,5.84,,"{'needs_recoding': False, 'longitude': '-147.72205903599973', 'latitude': '64.84507995700051', 'human_address': '{""address"":"""",""city"":"""",""state"":""Alaska"",""zip"":""""}'}"
Alaska,American Indian or Alaska Native,6,3,5.81,,5.86,,5.94,,6.38,,"{'needs_recoding': False, 'longitude': '-147.72205903599973', 'latitude': '64.84507995700051', 'human_address': '{""address"":"""",""city"":"""",""state"":""Alaska"",""zip"":""""}'}"
Alaska,Asian or Pacific Islander,5,3,7.33,,6.57,,5.99,,6.09,,"{'needs_recoding': False, 'longitude': '-147.72205903599973', 'latitude': '64.84507995700051', 'human_address': '{""address"":"""",""city"":"""",""state"":""Alaska"",""zip"":""""}'}"
Alaska,Black or African American,3,,10.70,,11.74,,12.09,,12.58,,"{'needs_recoding': False, 'longitude': '-147.72205903599973', 'latitude': '64.84507995700051', 'human_address': '{""address"":"""",""city"":"""",""state"":""Alaska"",""zip"":""""}'}"
Alaska,Hispanic or Latina,4,2,6.07,,5.31,,6.98,,7.14,,"{'needs_recoding': False, 'longitude': '-147.72205903599973', 'latitude': '64.84507995700051', 'human_address': '{""address"":"""",""city"":"""",""state"":""Alaska"",""zip"":""""}'}"
Alaska,White,2,,4.84,,5.34,,5.22,,4.99,,"{'needs_recoding': False, 'longitude': '-147.72205903599973', 'latitude': '64.84507995700051', 'human_address': '{""address"":"""",""city"":"""",""state"":""Alaska"",""zip"":""""}'}"
Arizona,All races,1,,6.91,,7.05,,7.08,,7.08,,"{'needs_recoding': False, 'longitude': '-111.76381127699972', 'latitude': '34.865970280000454', 'human_address': '{""address"":"""",""city"":"""",""state"":""Arizona"",""zip"":""""}'}"
Arizona,American Indian or Alaska Native,6,3,6.85,,7.11,,6.61,,6.77,,"{'needs_recoding': False, 'longitude': '-111.76381127699972', 'latitude': '34.865970280000454', 'human_address': '{""address"":"""",""city"":"""",""state"":""Arizona"",""zip"":""""}'}"
Arizona,Asian or Pacific Islander,5,3,7.95,,7.92,,8.43,,8.64,,"{'needs_recoding': False, 'longitude': '-111.76381127699972', 'latitude': '34.865970280000454', 'human_address': '{""address"":"""",""city"":"""",""state"":""Arizona"",""zip"":""""}'}"
Arizona,Black or African American,3,,13.16,,12.38,,12.48,,11.86,,"{'needs_recoding': False, 'longitude': '-111.76381127699972', 'latitude': '34.865970280000454', 'human_address': '{""address"":"""",""city"":"""",""state"":""Arizona"",""zip"":""""}'}"
Arizona,Hispanic or Latina,4,2,6.56,,6.69,,6.67,,6.76,,"{'needs_recoding': False, 'longitude': '-111.76381127699972', 'latitude': '34.865970280000454', 'human_address': '{""address"":"""",""city"":"""",""state"":""Arizona"",""zip"":""""}'}"
Arizona,White,2,,6.78,,7.01,,6.92,,6.80,,"{'needs_recoding': False, 'longitude': '-111.76381127699972', 'latitude': '34.865970280000454', 'human_address': '{""address"":"""",""city"":"""",""state"":""Arizona"",""zip"":""""}'}"
Arkansas,All races,1,,8.64,,9.04,,9.10,,8.99,,"{'needs_recoding': False, 'longitude': '-92.27449074299966', 'latitude': '34.74865012400045', 'human_address': '{""address"":"""",""city"":"""",""state"":""Arkansas"",""zip"":""""}'}"
Arkansas,American Indian or Alaska Native,6,3,8.11,,8.86,,8.23,,7.98,,"{'needs_recoding': False, 'longitude': '-92.27449074299966', 'latitude': '34.74865012400045', 'human_address': '{""address"":"""",""city"":"""",""state"":""Arkansas"",""zip"":""""}'}"
Arkansas,Asian or Pacific Islander,5,3,7.73,,6.74,,8.45,,9.26,,"{'needs_recoding': False, 'longitude': '-92.27449074299966', 'latitude': '34.74865012400045', 'human_address': '{""address"":"""",""city"":"""",""state"":""Arkansas"",""zip"":""""}'}"
Arkansas,Black or African American,3,,13.81,,14.86,,14.89,,14.73,,"{'needs_recoding': False, 'longitude': '-92.27449074299966', 'latitude': '34.74865012400045', 'human_address': '{""address"":"""",""city"":"""",""state"":""Arkansas"",""zip"":""""}'}"
Arkansas,Hispanic or Latina,4,2,5.79,,6.54,,6.41,,6.51,,"{'needs_recoding': False, 'longitude': '-92.27449074299966', 'latitude': '34.74865012400045', 'human_address': '{""address"":"""",""city"":"""",""state"":""Arkansas"",""zip"":""""}'}"
Arkansas,White,2,,7.48,,7.83,,7.88,,7.72,,"{'needs_recoding': False, 'longitude': '-92.27449074299966', 'latitude': '34.74865012400045', 'human_address': '{""address"":"""",""city"":"""",""state"":""Arkansas"",""zip"":""""}'}"
California,All races,1,,6.29,,6.71,,6.83,,6.80,,"{'needs_recoding': False, 'longitude': '-120.99999953799971', 'latitude': '37.63864012300047', 'human_address': '{""address"":"""",""city"":"""",""state"":""California"",""zip"":""""}'}"
California,American Indian or Alaska Native,6,3,6.21,,6.49,,6.90,,6.59,,"{'needs_recoding': False, 'longitude': '-120.99999953799971', 'latitude': '37.63864012300047', 'human_address': '{""address"":"""",""city"":"""",""state"":""California"",""zip"":""""}'}"
California,Asian or Pacific Islander,5,3,7.15,,7.42,,7.83,,7.90,,"{'needs_recoding': False, 'longitude': '-120.99999953799971', 'latitude': '37.63864012300047', 'human_address': '{""address"":"""",""city"":"""",""state"":""California"",""zip"":""""}'}"
California,Black or African American,3,,11.66,,12.46,,11.92,,11.95,,"{'needs_recoding': False, 'longitude': '-120.99999953799971', 'latitude': '37.63864012300047', 'human_address': '{""address"":"""",""city"":"""",""state"":""California"",""zip"":""""}'}"
California,Hispanic or Latina,4,2,5.66,,6.10,,6.19,,6.14,,"{'needs_recoding': False, 'longitude': '-120.99999953799971', 'latitude': '37.63864012300047', 'human_address': '{""address"":"""",""city"":"""",""state"":""California"",""zip"":""""}'}"
California,White,2,,5.86,,6.30,,6.36,,6.28,,"{'needs_recoding': False, 'longitude': '-120.99999953799971', 'latitude': '37.63864012300047', 'human_address': '{""address"":"""",""city"":"""",""state"":""California"",""zip"":""""}'}"
Colorado,All races,1,,8.60,,9.04,,8.90,,8.81,,"{'needs_recoding': False, 'longitude': '-106.13361092099967', 'latitude': '38.843840757000464', 'human_address': '{""address"":"""",""city"":"""",""state"":""Colorado"",""zip"":""""}'}"
Colorado,American Indian or Alaska Native,6,3,9.05,,9.45,,9.14,,8.59,,"{'needs_recoding': False, 'longitude': '-106.13361092099967', 'latitude': '38.843840757000464', 'human_address': '{""address"":"""",""city"":"""",""state"":""Colorado"",""zip"":""""}'}"
Colorado,Asian or Pacific Islander,5,3,10.17,,10.26,,10.91,,11.28,,"{'needs_recoding': False, 'longitude': '-106.13361092099967', 'latitude': '38.843840757000464', 'human_address': '{""address"":"""",""city"":"""",""state"":""Colorado"",""zip"":""""}'}"
Colorado,Black or African American,3,,14.59,,15.20,,14.39,,14.00,,"{'needs_recoding': False, 'longitude': '-106.13361092099967', 'latitude': '38.843840757000464', 'human_address': '{""address"":"""",""city"":"""",""state"":""Colorado"",""zip"":""""}'}"
Colorado,Hispanic or Latina,4,2,8.33,,8.53,,8.49,,8.38,,"{'needs_recoding': False, 'longitude': '-106.13361092099967', 'latitude': '38.843840757000464', 'human_address': '{""address"":"""",""city"":"""",""state"":""Colorado"",""zip"":""""}'}"
Colorado,White,2,,8.24,,8.81,,8.56,,8.47,,"{'needs_recoding': False, 'longitude': '-106.13361092099967', 'latitude': '38.843840757000464', 'human_address': '{""address"":"""",""city"":"""",""state"":""Colorado"",""zip"":""""}'}"
Connecticut,All races,1,,7.52,,7.74,,8.05,,8.02,,"{'needs_recoding': False, 'longitude': '-72.64984095199964', 'latitude': '41.56266102000046', 'human_address': '{""address"":"""",""city"":"""",""state"":""Connecticut"",""zip"":""""}'}"
Connecticut,American Indian or Alaska Native,6,3,10.06,,7.45,,9.28,,8.22,,"{'needs_recoding': False, 'longitude': '-72.64984095199964', 'latitude': '41.56266102000046', 'human_address': '{""address"":"""",""city"":"""",""state"":""Connecticut"",""zip"":""""}'}"
Connecticut,Asian or Pacific Islander,5,3,8.07,,7.83,,8.59,,8.61,,"{'needs_recoding': False, 'longitude': '-72.64984095199964', 'latitude': '41.56266102000046', 'human_address': '{""address"":"""",""city"":"""",""state"":""Connecticut"",""zip"":""""}'}"
Connecticut,Black or African American,3,,12.28,,12.88,,12.59,,12.69,,"{'needs_recoding': False, 'longitude': '-72.64984095199964', 'latitude': '41.56266102000046', 'human_address': '{""address"":"""",""city"":"""",""state"":""Connecticut"",""zip"":""""}'}"
Connecticut,Hispanic or Latina,4,2,8.25,,8.49,,8.28,,8.37,,"{'needs_recoding': False, 'longitude': '-72.64984095199964', 'latitude': '41.56266102000046', 'human_address': '{""address"":"""",""city"":"""",""state"":""Connecticut"",""zip"":""""}'}"
Connecticut,White,2,,6.48,,6.60,,6.91,,6.81,,"{'needs_recoding': False, 'longitude': '-72.64984095199964', 'latitude': '41.56266102000046', 'human_address': '{""address"":"""",""city"":"""",""state"":""Connecticut"",""zip"":""""}'}"
Delaware,All races,1,,9.29,,9.31,,8.80,,8.68,,"{'needs_recoding': False, 'longitude': '-75.57774116799965', 'latitude': '39.008830667000495', 'human_address': '{""address"":"""",""city"":"""",""state"":""Delaware"",""zip"":""""}'}"
Delaware,American Indian or Alaska Native,6,3,,!,,!,,!,,!,"{'needs_recoding': False, 'longitude': '-75.57774116799965', 'latitude': '39.008830667000495', 'human_address': '{""address"":"""",""city"":"""",""state"":""Delaware"",""zip"":""""}'}"
Delaware,Asian or Pacific Islander,5,3,9.89,,9.33,,8.67,,8.01,,"{'needs_recoding': False, 'longitude': '-75.57774116799965', 'latitude': '39.008830667000495', 'human_address': '{""address"":"""",""city"":"""",""state"":""Delaware"",""zip"":""""}'}"
Delaware,Black or African American,3,,14.08,,14.32,,13.27,,13.12,,"{'needs_recoding': False, 'longitude': '-75.57774116799965', 'latitude': '39.008830667000495', 'human_address': '{""address"":"""",""city"":"""",""state"":""Delaware"",""zip"":""""}'}"
Delaware,Hispanic or Latina,4,2,6.81,,7.03,,7.14,,6.56,,"{'needs_recoding': False, 'longitude': '-75.57774116799965', 'latitude': '39.008830667000495', 'human_address': '{""address"":"""",""city"":"""",""state"":""Delaware"",""zip"":""""}'}"
Delaware,White,2,,7.80,,7.62,,7.04,,7.06,,"{'needs_recoding': False, 'longitude': '-75.57774116799965', 'latitude': '39.008830667000495', 'human_address': '{""address"":"""",""city"":"""",""state"":""Delaware"",""zip"":""""}'}"
District of Columbia,All races,1,,11.85,,11.06,,10.62,,10.33,,"{'needs_recoding': False, 'longitude': '-77.03196112699965', 'latitude': '38.89037138500049', 'human_address': '{""address"":"""",""city"":"""",""state"":""District of Columbia"",""zip"":""""}'}"
District of Columbia,American Indian or Alaska Native,6,3,,!,,!,,!,,!,"{'needs_recoding': False, 'longitude': '-77.03196112699965', 'latitude': '38.89037138500049', 'human_address': '{""address"":"""",""city"":"""",""state"":""District of Columbia"",""zip"":""""}'}"
District of Columbia,Asian or Pacific Islander,5,3,7.00,*,8.97,,6.92,,6.99,,"{'needs_recoding': False, 'longitude': '-77.03196112699965', 'latitude': '38.89037138500049', 'human_address': '{""address"":"""",""city"":"""",""state"":""District of Columbia"",""zip"":""""}'}"
District of Columbia,Black or African American,3,,14.60,,13.96,,13.79,,13.33,,"{'needs_recoding': False, 'longitude': '-77.03196112699965', 'latitude': '38.89037138500049', 'human_address': '{""address"":"""",""city"":"""",""state"":""District of Columbia"",""zip"":""""}'}"
District of Columbia,Hispanic or Latina,4,2,8.04,,7.46,,6.89,,6.72,,"{'needs_recoding': False, 'longitude': '-77.03196112699965', 'latitude': '38.89037138500049', 'human_address': '{""address"":"""",""city"":"""",""state"":""District of Columbia"",""zip"":""""}'}"
District of Columbia,White,2,,6.35,,6.28,,6.67,,6.72,,"{'needs_recoding': False, 'longitude': '-77.03196112699965', 'latitude': '38.89037138500049', 'human_address': '{""address"":"""",""city"":"""",""state"":""District of Columbia"",""zip"":""""}'}"
Florida,All races,1,,8.18,,8.59,,8.72,,8.73,,"{'needs_recoding': False, 'longitude': '-81.92896053899966', 'latitude': '28.932040377000476', 'human_address': '{""address"":"""",""city"":"""",""state"":""Florida"",""zip"":""""}'}"
Florida,American Indian or Alaska Native,6,3,7.11,,7.38,,6.81,,6.91,,"{'needs_recoding': False, 'longitude': '-81.92896053899966', 'latitude': '28.932040377000476', 'human_address': '{""address"":"""",""city"":"""",""state"":""Florida"",""zip"":""""}'}"
Florida,Asian or Pacific Islander,5,3,8.35,,8.73,,8.34,,8.56,,"{'needs_recoding': False, 'longitude': '-81.92896053899966', 'latitude': '28.932040377000476', 'human_address': '{""address"":"""",""city"":"""",""state"":""Florida"",""zip"":""""}'}"
Florida,Black or African American,3,,12.58,,13.28,,13.47,,13.51,,"{'needs_recoding': False, 'longitude': '-81.92896053899966', 'latitude': '28.932040377000476', 'human_address': '{""address"":"""",""city"":"""",""state"":""Florida"",""zip"":""""}'}"
Florida,Hispanic or Latina,4,2,6.61,,6.98,,7.14,,7.13,,"{'needs_recoding': False, 'longitude': '-81.92896053899966', 'latitude': '28.932040377000476', 'human_address': '{""address"":"""",""city"":"""",""state"":""Florida"",""zip"":""""}'}"
Florida,White,2,,6.98,,7.38,,7.40,,7.33,,"{'needs_recoding': False, 'longitude': '-81.92896053899966', 'latitude': '28.932040377000476', 'human_address': '{""address"":"""",""city"":"""",""state"":""Florida"",""zip"":""""}'}"
Georgia,All races,1,,8.79,,9.27,,9.51,,9.57,,"{'needs_recoding': False, 'longitude': '-83.62758034599966', 'latitude': '32.83968109300048', 'human_address': '{""address"":"""",""city"":"""",""state"":""Georgia"",""zip"":""""}'}"
Georgia,American Indian or Alaska Native,6,3,9.29,,9.00,,8.39,,8.57,,"{'needs_recoding': False, 'longitude': '-83.62758034599966', 'latitude': '32.83968109300048', 'human_address': '{""address"":"""",""city"":"""",""state"":""Georgia"",""zip"":""""}'}"
Georgia,Asian or Pacific Islander,5,3,8.18,,8.35,,8.15,,8.14,,"{'needs_recoding': False, 'longitude': '-83.62758034599966', 'latitude': '32.83968109300048', 'human_address': '{""address"":"""",""city"":"""",""state"":""Georgia"",""zip"":""""}'}"
Georgia,Black or African American,3,,12.98,,13.81,,13.88,,13.72,,"{'needs_recoding': False, 'longitude': '-83.62758034599966', 'latitude': '32.83968109300048', 'human_address': '{""address"":"""",""city"":"""",""state"":""Georgia"",""zip"":""""}'}"
Georgia,Hispanic or Latina,4,2,5.77,,5.96,,6.39,,6.54,,"{'needs_recoding': False, 'longitude': '-83.62758034599966', 'latitude': '32.83968109300048', 'human_address': '{""address"":"""",""city"":"""",""state"":""Georgia"",""zip"":""""}'}"
Georgia,White,2,,6.92,,7.44,,7.53,,7.67,,"{'needs_recoding': False, 'longitude': '-83.62758034599966', 'latitude': '32.83968109300048', 'human_address': '{""address"":"""",""city"":"""",""state"":""Georgia"",""zip"":""""}'}"
Hawaii,All races,1,,7.98,,8.23,,8.17,,8.29,,"{'needs_recoding': False, 'longitude': '-157.85774940299973', 'latitude': '21.304850435000446', 'human_address': '{""address"":"""",""city"":"""",""state"":""Hawaii"",""zip"":""""}'}"
Hawaii,American Indian or Alaska Native,6,3,4.99,*,,!,,!,,!,"{'needs_recoding': False, 'longitude': '-157.85774940299973', 'latitude': '21.304850435000446', 'human_address': '{""address"":"""",""city"":"""",""state"":""Hawaii"",""zip"":""""}'}"
Hawaii,Asian or Pacific Islander,5,3,8.45,,8.84,,8.79,,8.86,,"{'needs_recoding': False, 'longitude': '-157.85774940299973', 'latitude': '21.304850435000446', 'human_address': '{""address"":"""",""city"":"""",""state"":""Hawaii"",""zip"":""""}'}"
Hawaii,Black or African American,3,,11.01,,11.44,,11.23,,11.57,,"{'needs_recoding': False, 'longitude': '-157.85774940299973', 'latitude': '21.304850435000446', 'human_address': '{""address"":"""",""city"":"""",""state"":""Hawaii"",""zip"":""""}'}"
Hawaii,Hispanic or Latina,4,2,8.00,,8.34,,8.37,,8.64,,"{'needs_recoding': False, 'longitude': '-157.85774940299973', 'latitude': '21.304850435000446', 'human_address': '{""address"":"""",""city"":"""",""state"":""Hawaii"",""zip"":""""}'}"
Hawaii,White,2,,6.17,,6.42,,6.30,,6.53,,"{'needs_recoding': False, 'longitude': '-157.85774940299973', 'latitude': '21.304850435000446', 'human_address': '{""address"":"""",""city"":"""",""state"":""Hawaii"",""zip"":""""}'}"
Idaho,All races,1,,6.41,,6.65,,6.51,,6.59,,"{'needs_recoding': False, 'longitude': '-114.3637300419997', 'latitude': '43.682630005000476', 'human_address': '{""address"":"""",""city"":"""",""state"":""Idaho"",""zip"":""""}'}"
Idaho,American Indian or Alaska Native,6,3,6.15,,8.31,,7.49,,8.43,,"{'needs_recoding': False, 'longitude': '-114.3637300419997', 'latitude': '43.682630005000476', 'human_address': '{""address"":"""",""city"":"""",""state"":""Idaho"",""zip"":""""}'}"
Idaho,Asian or Pacific Islander,5,3,7.38,,6.67,,8.93,,10.00,,"{'needs_recoding': False, 'longitude': '-114.3637300419997', 'latitude': '43.682630005000476', 'human_address': '{""address"":"""",""city"":"""",""state"":""Idaho"",""zip"":""""}'}"
Idaho,Black or African American,3,,,,7.03,*,7.93,*,9.13,*,"{'needs_recoding': False, 'longitude': '-114.3637300419997', 'latitude': '43.682630005000476', 'human_address': '{""address"":"""",""city"":"""",""state"":""Idaho"",""zip"":""""}'}"
Idaho,Hispanic or Latina,4,2,6.95,,6.67,,7.28,,7.47,,"{'needs_recoding': False, 'longitude': '-114.3637300419997', 'latitude': '43.682630005000476', 'human_address': '{""address"":"""",""city"":"""",""state"":""Idaho"",""zip"":""""}'}"
Idaho,White,2,,6.29,,6.60,,6.28,,6.29,,"{'needs_recoding': False, 'longitude': '-114.3637300419997', 'latitude': '43.682630005000476', 'human_address': '{""address"":"""",""city"":"""",""state"":""Idaho"",""zip"":""""}'}"
Illinois,All races,1,,8.04,,8.40,,8.41,,8.34,,"{'needs_recoding': False, 'longitude': '-88.99771017799969', 'latitude': '40.48501028300046', 'human_address': '{""address"":"""",""city"":"""",""state"":""Illinois"",""zip"":""""}'}"
Illinois,American Indian or Alaska Native,6,3,8.60,,9.46,,9.23,,8.78,,"{'needs_recoding': False, 'longitude': '-88.99771017799969', 'latitude': '40.48501028300046', 'human_address': '{""address"":"""",""city"":"""",""state"":""Illinois"",""zip"":""""}'}"
Illinois,Asian or Pacific Islander,5,3,8.49,,8.28,,8.78,,9.15,,"{'needs_recoding': False, 'longitude': '-88.99771017799969', 'latitude': '40.48501028300046', 'human_address': '{""address"":"""",""city"":"""",""state"":""Illinois"",""zip"":""""}'}"
Illinois,Black or African American,3,,14.04,,14.70,,14.16,,13.90,,"{'needs_recoding': False, 'longitude': '-88.99771017799969', 'latitude': '40.48501028300046', 'human_address': '{""address"":"""",""city"":"""",""state"":""Illinois"",""zip"":""""}'}"
Illinois,Hispanic or Latina,4,2,6.31,,6.60,,6.71,,6.70,,"{'needs_recoding': False, 'longitude': '-88.99771017799969', 'latitude': '40.48501028300046', 'human_address': '{""address"":"""",""city"":"""",""state"":""Illinois"",""zip"":""""}'}"
Illinois,White,2,,6.74,,7.22,,7.24,,7.15,,"{'needs_recoding': False, 'longitude': '-88.99771017799969', 'latitude': '40.48501028300046', 'human_address': '{""address"":"""",""city"":"""",""state"":""Illinois"",""zip"":""""}'}"
Indiana,All races,1,,7.54,,8.10,,8.40,,8.24,,"{'needs_recoding': False, 'longitude': '-86.14996019399968', 'latitude': '39.766910452000445', 'human_address': '{""address"":"""",""city"":"""",""state"":""Indiana"",""zip"":""""}'}"
Indiana,American Indian or Alaska Native,6,3,7.74,*,10.00,*,6.48,*,8.38,*,"{'needs_recoding': False, 'longitude': '-86.14996019399968', 'latitude': '39.766910452000445', 'human_address': '{""address"":"""",""city"":"""",""state"":""Indiana"",""zip"":""""}'}"
Indiana,Asian or Pacific Islander,5,3,7.41,,7.87,,8.35,,8.43,,"{'needs_recoding': False, 'longitude': '-86.14996019399968', 'latitude': '39.766910452000445', 'human_address': '{""address"":"""",""city"":"""",""state"":""Indiana"",""zip"":""""}'}"
Indiana,Black or African American,3,,12.89,,13.46,,14.01,,13.76,,"{'needs_recoding': False, 'longitude': '-86.14996019399968', 'latitude': '39.766910452000445', 'human_address': '{""address"":"""",""city"":"""",""state"":""Indiana"",""zip"":""""}'}"
Indiana,Hispanic or Latina,4,2,6.09,,6.33,,6.92,,6.68,,"{'needs_recoding': False, 'longitude': '-86.14996019399968', 'latitude': '39.766910452000445', 'human_address': '{""address"":"""",""city"":"""",""state"":""Indiana"",""zip"":""""}'}"
Indiana,White,2,,6.95,,7.54,,7.73,,7.57,,"{'needs_recoding': False, 'longitude': '-86.14996019399968', 'latitude': '39.766910452000445', 'human_address': '{""address"":"""",""city"":"""",""state"":""Indiana"",""zip"":""""}'}"
Iowa,All races,1,,6.39,,6.92,,6.74,,6.78,,"{'needs_recoding': False, 'longitude': '-93.81649055599968', 'latitude': '42.46940091300047', 'human_address': '{""address"":"""",""city"":"""",""state"":""Iowa"",""zip"":""""}'}"
Iowa,American Indian or Alaska Native,6,3,7.23,,9.15,,6.02,,6.25,,"{'needs_recoding': False, 'longitude': '-93.81649055599968', 'latitude': '42.46940091300047', 'human_address': '{""address"":"""",""city"":"""",""state"":""Iowa"",""zip"":""""}'}"
Iowa,Asian or Pacific Islander,5,3,7.13,,7.71,,7.72,,8.05,,"{'needs_recoding': False, 'longitude': '-93.81649055599968', 'latitude': '42.46940091300047', 'human_address': '{""address"":"""",""city"":"""",""state"":""Iowa"",""zip"":""""}'}"
Iowa,Black or African American,3,,11.77,,12.22,,12.06,,12.01,,"{'needs_recoding': False, 'longitude': '-93.81649055599968', 'latitude': '42.46940091300047', 'human_address': '{""address"":"""",""city"":"""",""state"":""Iowa"",""zip"":""""}'}"
Iowa,Hispanic or Latina,4,2,6.01,,6.12,,6.26,,6.49,,"{'needs_recoding': False, 'longitude': '-93.81649055599968', 'latitude': '42.46940091300047', 'human_address': '{""address"":"""",""city"":"""",""state"":""Iowa"",""zip"":""""}'}"
Iowa,White,2,,6.19,,6.72,,6.48,,6.48,,"{'needs_recoding': False, 'longitude': '-93.81649055599968', 'latitude': '42.46940091300047', 'human_address': '{""address"":"""",""city"":"""",""state"":""Iowa"",""zip"":""""}'}"
Kansas,All races,1,,6.96,,7.28,,7.18,,7.19,,"{'needs_recoding': False, 'longitude': '-98.20078122699965', 'latitude': '38.34774030000045', 'human_address': '{""address"":"""",""city"":"""",""state"":""Kansas"",""zip"":""""}'}"
Kansas,American Indian or Alaska Native,6,3,6.20,,7.09,,7.57,,7.77,,"{'needs_recoding': False, 'longitude': '-98.20078122699965', 'latitude': '38.34774030000045', 'human_address': '{""address"":"""",""city"":"""",""state"":""Kansas"",""zip"":""""}'}"
Kansas,Asian or Pacific Islander,5,3,6.69,,7.34,,8.72,,9.18,,"{'needs_recoding': False, 'longitude': '-98.20078122699965', 'latitude': '38.34774030000045', 'human_address': '{""address"":"""",""city"":"""",""state"":""Kansas"",""zip"":""""}'}"
Kansas,Black or African American,3,,12.37,,13.42,,12.83,,12.82,,"{'needs_recoding': False, 'longitude': '-98.20078122699965', 'latitude': '38.34774030000045', 'human_address': '{""address"":"""",""city"":"""",""state"":""Kansas"",""zip"":""""}'}"
Kansas,Hispanic or Latina,4,2,5.93,,6.09,,6.06,,6.30,,"{'needs_recoding': False, 'longitude': '-98.20078122699965', 'latitude': '38.34774030000045', 'human_address': '{""address"":"""",""city"":"""",""state"":""Kansas"",""zip"":""""}'}"
Kansas,White,2,,6.66,,6.97,,6.78,,6.70,,"{'needs_recoding': False, 'longitude': '-98.20078122699965', 'latitude': '38.34774030000045', 'human_address': '{""address"":"""",""city"":"""",""state"":""Kansas"",""zip"":""""}'}"
Kentucky,All races,1,,8.38,,8.86,,9.13,,9.06,,"{'needs_recoding': False, 'longitude': '-84.77497104799966', 'latitude': '37.645970271000465', 'human_address': '{""address"":"""",""city"":"""",""state"":""Kentucky"",""zip"":""""}'}"
Kentucky,American Indian or Alaska Native,6,3,7.17,*,8.54,*,,!,7.17,*,"{'needs_recoding': False, 'longitude': '-84.77497104799966', 'latitude': '37.645970271000465', 'human_address': '{""address"":"""",""city"":"""",""state"":""Kentucky"",""zip"":""""}'}"
Kentucky,Asian or Pacific Islander,5,3,7.75,,7.56,,8.49,,8.41,,"{'needs_recoding': False, 'longitude': '-84.77497104799966', 'latitude': '37.645970271000465', 'human_address': '{""address"":"""",""city"":"""",""state"":""Kentucky"",""zip"":""""}'}"
Kentucky,Black or African American,3,,13.84,,13.52,,14.77,,14.04,,"{'needs_recoding': False, 'longitude': '-84.77497104799966', 'latitude': '37.645970271000465', 'human_address': '{""address"":"""",""city"":"""",""state"":""Kentucky"",""zip"":""""}'}"
Kentucky,Hispanic or Latina,4,2,7.73,,6.85,,6.82,,6.71,,"{'needs_recoding': False, 'longitude': '-84.77497104799966', 'latitude': '37.645970271000465', 'human_address': '{""address"":"""",""city"":"""",""state"":""Kentucky"",""zip"":""""}'}"
Kentucky,White,2,,7.84,,8.50,,8.66,,8.65,,"{'needs_recoding': False, 'longitude': '-84.77497104799966', 'latitude': '37.645970271000465', 'human_address': '{""address"":"""",""city"":"""",""state"":""Kentucky"",""zip"":""""}'}"
Louisiana,All races,1,,10.40,,11.02,,10.90,,10.73,,"{'needs_recoding': False, 'longitude': '-92.44568007099969', 'latitude': '31.31266064400046', 'human_address': '{""address"":"""",""city"":"""",""state"":""Louisiana"",""zip"":""""}'}"
Louisiana,American Indian or Alaska Native,6,3,9.06,,10.11,,11.10,,10.85,,"{'needs_recoding': False, 'longitude': '-92.44568007099969', 'latitude': '31.31266064400046', 'human_address': '{""address"":"""",""city"":"""",""state"":""Louisiana"",""zip"":""""}'}"
Louisiana,Asian or Pacific Islander,5,3,7.89,,8.46,,8.85,,9.26,,"{'needs_recoding': False, 'longitude': '-92.44568007099969', 'latitude': '31.31266064400046', 'human_address': '{""address"":"""",""city"":"""",""state"":""Louisiana"",""zip"":""""}'}"
Louisiana,Black or African American,3,,14.44,,15.33,,15.19,,15.05,,"{'needs_recoding': False, 'longitude': '-92.44568007099969', 'latitude': '31.31266064400046', 'human_address': '{""address"":"""",""city"":"""",""state"":""Louisiana"",""zip"":""""}'}"
Louisiana,Hispanic or Latina,4,2,6.56,,7.62,,6.87,,6.99,,"{'needs_recoding': False, 'longitude': '-92.44568007099969', 'latitude': '31.31266064400046', 'human_address': '{""address"":"""",""city"":"""",""state"":""Louisiana"",""zip"":""""}'}"
Louisiana,White,2,,7.56,,8.12,,8.22,,8.00,,"{'needs_recoding': False, 'longitude': '-92.44568007099969', 'latitude': '31.31266064400046', 'human_address': '{""address"":"""",""city"":"""",""state"":""Louisiana"",""zip"":""""}'}"
Maine,All races,1,,6.12,,6.58,,6.44,,6.43,,"{'needs_recoding': False, 'longitude': '-68.98503133599962', 'latitude': '45.254228894000505', 'human_address': '{""address"":"""",""city"":"""",""state"":""Maine"",""zip"":""""}'}"
Maine,American Indian or Alaska Native,6,3,,!,,!,6.40,*,6.63,*,"{'needs_recoding': False, 'longitude': '-68.98503133599962', 'latitude': '45.254228894000505', 'human_address': '{""address"":"""",""city"":"""",""state"":""Maine"",""zip"":""""}'}"
Maine,Asian or Pacific Islander,5,3,5.46,*,8.69,,6.45,*,5.28,*,"{'needs_recoding': False, 'longitude': '-68.98503133599962', 'latitude': '45.254228894000505', 'human_address': '{""address"":"""",""city"":"""",""state"":""Maine"",""zip"":""""}'}"
Maine,Black or African American,3,,9.47,*,8.47,,7.71,,6.55,,"{'needs_recoding': False, 'longitude': '-68.98503133599962', 'latitude': '45.254228894000505', 'human_address': '{""address"":"""",""city"":"""",""state"":""Maine"",""zip"":""""}'}"
Maine,Hispanic or Latina,4,2,6.03,*,4.74,*,8.44,,7.47,*,"{'needs_recoding': False, 'longitude': '-68.98503133599962', 'latitude': '45.254228894000505', 'human_address': '{""address"":"""",""city"":"""",""state"":""Maine"",""zip"":""""}'}"
Maine,White,2,,6.13,,6.57,,6.36,,6.42,,"{'needs_recoding': False, 'longitude': '-68.98503133599962', 'latitude': '45.254228894000505', 'human_address': '{""address"":"""",""city"":"""",""state"":""Maine"",""zip"":""""}'}"
Maryland,All races,1,,8.88,,9.17,,9.15,,9.05,,"{'needs_recoding': False, 'longitude': '-76.60926011099963', 'latitude': '39.29058096400047', 'human_address': '{""address"":"""",""city"":"""",""state"":""Maryland"",""zip"":""""}'}"
Maryland,American Indian or Alaska Native,6,3,9.74,,10.87,,8.12,*,8.85,,"{'needs_recoding': False, 'longitude': '-76.60926011099963', 'latitude': '39.29058096400047', 'human_address': '{""address"":"""",""city"":"""",""state"":""Maryland"",""zip"":""""}'}"
Maryland,Asian or Pacific Islander,5,3,7.42,,7.93,,8.25,,8.49,,"{'needs_recoding': False, 'longitude': '-76.60926011099963', 'latitude': '39.29058096400047', 'human_address': '{""address"":"""",""city"":"""",""state"":""Maryland"",""zip"":""""}'}"
Maryland,Black or African American,3,,13.00,,13.13,,13.00,,12.72,,"{'needs_recoding': False, 'longitude': '-76.60926011099963', 'latitude': '39.29058096400047', 'human_address': '{""address"":"""",""city"":"""",""state"":""Maryland"",""zip"":""""}'}"
Maryland,Hispanic or Latina,4,2,6.73,,7.18,,6.97,,6.90,,"{'needs_recoding': False, 'longitude': '-76.60926011099963', 'latitude': '39.29058096400047', 'human_address': '{""address"":"""",""city"":"""",""state"":""Maryland"",""zip"":""""}'}"
Maryland,White,2,,6.79,,7.19,,7.12,,7.08,,"{'needs_recoding': False, 'longitude': '-76.60926011099963', 'latitude': '39.29058096400047', 'human_address': '{""address"":"""",""city"":"""",""state"":""Maryland"",""zip"":""""}'}"
Massachusetts,All races,1,,7.26,,7.77,,7.81,,7.76,,"{'needs_recoding': False, 'longitude': '-72.08269067499964', 'latitude': '42.27687047000046', 'human_address': '{""address"":"""",""city"":"""",""state"":""Massachusetts"",""zip"":""""}'}"
Massachusetts,American Indian or Alaska Native,6,3,7.11,*,7.62,*,10.00,,9.87,,"{'needs_recoding': False, 'longitude': '-72.08269067499964', 'latitude': '42.27687047000046', 'human_address': '{""address"":"""",""city"":"""",""state"":""Massachusetts"",""zip"":""""}'}"
Massachusetts,Asian or Pacific Islander,5,3,7.57,,7.63,,8.15,,8.25,,"{'needs_recoding': False, 'longitude': '-72.08269067499964', 'latitude': '42.27687047000046', 'human_address': '{""address"":"""",""city"":"""",""state"":""Massachusetts"",""zip"":""""}'}"
Massachusetts,Black or African American,3,,11.54,,11.82,,10.91,,10.89,,"{'needs_recoding': False, 'longitude': '-72.08269067499964', 'latitude': '42.27687047000046', 'human_address': '{""address"":"""",""city"":"""",""state"":""Massachusetts"",""zip"":""""}'}"
Massachusetts,Hispanic or Latina,4,2,8.37,,8.41,,8.32,,8.45,,"{'needs_recoding': False, 'longitude': '-72.08269067499964', 'latitude': '42.27687047000046', 'human_address': '{""address"":"""",""city"":"""",""state"":""Massachusetts"",""zip"":""""}'}"
Massachusetts,White,2,,6.56,,7.15,,7.21,,7.11,,"{'needs_recoding': False, 'longitude': '-72.08269067499964', 'latitude': '42.27687047000046', 'human_address': '{""address"":"""",""city"":"""",""state"":""Massachusetts"",""zip"":""""}'}"
Michigan,All races,1,,7.94,,8.28,,8.44,,8.45,,"{'needs_recoding': False, 'longitude': '-84.71439026999968', 'latitude': '44.6613195430005', 'human_address': '{""address"":"""",""city"":"""",""state"":""Michigan"",""zip"":""""}'}"
Michigan,American Indian or Alaska Native,6,3,7.26,,6.98,,7.47,,8.26,,"{'needs_recoding': False, 'longitude': '-84.71439026999968', 'latitude': '44.6613195430005', 'human_address': '{""address"":"""",""city"":"""",""state"":""Michigan"",""zip"":""""}'}"
Michigan,Asian or Pacific Islander,5,3,7.46,,8.33,,8.84,,8.96,,"{'needs_recoding': False, 'longitude': '-84.71439026999968', 'latitude': '44.6613195430005', 'human_address': '{""address"":"""",""city"":"""",""state"":""Michigan"",""zip"":""""}'}"
Michigan,Black or African American,3,,14.24,,14.43,,13.96,,14.06,,"{'needs_recoding': False, 'longitude': '-84.71439026999968', 'latitude': '44.6613195430005', 'human_address': '{""address"":"""",""city"":"""",""state"":""Michigan"",""zip"":""""}'}"
Michigan,Hispanic or Latina,4,2,6.26,,6.46,,6.83,,6.78,,"{'needs_recoding': False, 'longitude': '-84.71439026999968', 'latitude': '44.6613195430005', 'human_address': '{""address"":"""",""city"":"""",""state"":""Michigan"",""zip"":""""}'}"
Michigan,White,2,,6.55,,7.00,,7.17,,7.08,,"{'needs_recoding': False, 'longitude': '-84.71439026999968', 'latitude': '44.6613195430005', 'human_address': '{""address"":"""",""city"":"""",""state"":""Michigan"",""zip"":""""}'}"
Minnesota,All races,1,,6.23,,6.43,,6.53,,6.44,,"{'needs_recoding': False, 'longitude': '-94.79420050299967', 'latitude': '46.35564873600049', 'human_address': '{""address"":"""",""city"":"""",""state"":""Minnesota"",""zip"":""""}'}"
Minnesota,American Indian or Alaska Native,6,3,7.10,,6.87,,6.74,,7.01,,"{'needs_recoding': False, 'longitude': '-94.79420050299967', 'latitude': '46.35564873600049', 'human_address': '{""address"":"""",""city"":"""",""state"":""Minnesota"",""zip"":""""}'}"
Minnesota,Asian or Pacific Islander,5,3,7.28,,7.43,,7.81,,7.80,,"{'needs_recoding': False, 'longitude': '-94.79420050299967', 'latitude': '46.35564873600049', 'human_address': '{""address"":"""",""city"":"""",""state"":""Minnesota"",""zip"":""""}'}"
Minnesota,Black or African American,3,,10.54,,10.71,,10.56,,10.38,,"{'needs_recoding': False, 'longitude': '-94.79420050299967', 'latitude': '46.35564873600049', 'human_address': '{""address"":"""",""city"":"""",""state"":""Minnesota"",""zip"":""""}'}"
Minnesota,Hispanic or Latina,4,2,6.02,,5.70,,5.80,,5.84,,"{'needs_recoding': False, 'longitude': '-94.79420050299967', 'latitude': '46.35564873600049', 'human_address': '{""address"":"""",""city"":"""",""state"":""Minnesota"",""zip"":""""}'}"
Minnesota,White,2,,5.80,,5.93,,5.97,,5.83,,"{'needs_recoding': False, 'longitude': '-94.79420050299967', 'latitude': '46.35564873600049', 'human_address': '{""address"":"""",""city"":"""",""state"":""Minnesota"",""zip"":""""}'}"
Mississippi,All races,1,,10.82,,11.62,,12.11,,12.05,,"{'needs_recoding': False, 'longitude': '-89.53803082499968', 'latitude': '32.745510099000455', 'human_address': '{""address"":"""",""city"":"""",""state"":""Mississippi"",""zip"":""""}'}"
Mississippi,American Indian or Alaska Native,6,3,7.30,,6.24,,8.41,,8.79,,"{'needs_recoding': False, 'longitude': '-89.53803082499968', 'latitude': '32.745510099000455', 'human_address': '{""address"":"""",""city"":"""",""state"":""Mississippi"",""zip"":""""}'}"
Mississippi,Asian or Pacific Islander,5,3,6.83,,8.06,,8.26,,8.40,,"{'needs_recoding': False, 'longitude': '-89.53803082499968', 'latitude': '32.745510099000455', 'human_address': '{""address"":"""",""city"":"""",""state"":""Mississippi"",""zip"":""""}'}"
Mississippi,Black or African American,3,,14.48,,15.60,,16.29,,16.41,,"{'needs_recoding': False, 'longitude': '-89.53803082499968', 'latitude': '32.745510099000455', 'human_address': '{""address"":"""",""city"":"""",""state"":""Mississippi"",""zip"":""""}'}"
Mississippi,Hispanic or Latina,4,2,6.61,,6.42,,6.86,,6.85,,"{'needs_recoding': False, 'longitude': '-89.53803082499968', 'latitude': '32.745510099000455', 'human_address': '{""address"":"""",""city"":"""",""state"":""Mississippi"",""zip"":""""}'}"
Mississippi,White,2,,7.97,,8.67,,8.91,,8.74,,"{'needs_recoding': False, 'longitude': '-89.53803082499968', 'latitude': '32.745510099000455', 'human_address': '{""address"":"""",""city"":"""",""state"":""Mississippi"",""zip"":""""}'}"
Missouri,All races,1,,7.74,,8.12,,8.03,,8.15,,"{'needs_recoding': False, 'longitude': '-92.56630005299968', 'latitude': '38.635790776000476', 'human_address': '{""address"":"""",""city"":"""",""state"":""Missouri"",""zip"":""""}'}"
Missouri,American Indian or Alaska Native,6,3,8.67,,7.63,,7.08,,8.07,,"{'needs_recoding': False, 'longitude': '-92.56630005299968', 'latitude': '38.635790776000476', 'human_address': '{""address"":"""",""city"":"""",""state"":""Missouri"",""zip"":""""}'}"
Missouri,Asian or Pacific Islander,5,3,7.34,,7.61,,7.94,,8.27,,"{'needs_recoding': False, 'longitude': '-92.56630005299968', 'latitude': '38.635790776000476', 'human_address': '{""address"":"""",""city"":"""",""state"":""Missouri"",""zip"":""""}'}"
Missouri,Black or African American,3,,13.27,,13.90,,13.64,,13.67,,"{'needs_recoding': False, 'longitude': '-92.56630005299968', 'latitude': '38.635790776000476', 'human_address': '{""address"":"""",""city"":"""",""state"":""Missouri"",""zip"":""""}'}"
Missouri,Hispanic or Latina,4,2,6.18,,6.33,,6.23,,6.57,,"{'needs_recoding': False, 'longitude': '-92.56630005299968', 'latitude': '38.635790776000476', 'human_address': '{""address"":"""",""city"":"""",""state"":""Missouri"",""zip"":""""}'}"
Missouri,White,2,,6.79,,7.18,,7.04,,7.15,,"{'needs_recoding': False, 'longitude': '-92.56630005299968', 'latitude': '38.635790776000476', 'human_address': '{""address"":"""",""city"":"""",""state"":""Missouri"",""zip"":""""}'}"
Montana,All races,1,,6.65,,7.02,,7.21,,7.31,,"{'needs_recoding': False, 'longitude': '-109.42442064499971', 'latitude': '47.06652897200047', 'human_address': '{""address"":"""",""city"":"""",""state"":""Montana"",""zip"":""""}'}"
Montana,American Indian or Alaska Native,6,3,7.14,,7.80,,7.83,,7.62,,"{'needs_recoding': False, 'longitude': '-109.42442064499971', 'latitude': '47.06652897200047', 'human_address': '{""address"":"""",""city"":"""",""state"":""Montana"",""zip"":""""}'}"
Montana,Asian or Pacific Islander,5,3,5.95,*,8.70,*,7.41,*,7.03,*,"{'needs_recoding': False, 'longitude': '-109.42442064499971', 'latitude': '47.06652897200047', 'human_address': '{""address"":"""",""city"":"""",""state"":""Montana"",""zip"":""""}'}"
Montana,Black or African American,3,,,,15.58,*,,,,,"{'needs_recoding': False, 'longitude': '-109.42442064499971', 'latitude': '47.06652897200047', 'human_address': '{""address"":"""",""city"":"""",""state"":""Montana"",""zip"":""""}'}"
Montana,Hispanic or Latina,4,2,7.44,,8.63,,7.49,,6.43,,"{'needs_recoding': False, 'longitude': '-109.42442064499971', 'latitude': '47.06652897200047', 'human_address': '{""address"":"""",""city"":"""",""state"":""Montana"",""zip"":""""}'}"
Montana,White,2,,6.60,,6.81,,7.07,,7.28,,"{'needs_recoding': False, 'longitude': '-109.42442064499971', 'latitude': '47.06652897200047', 'human_address': '{""address"":"""",""city"":"""",""state"":""Montana"",""zip"":""""}'}"
Nebraska,All races,1,,6.88,,6.97,,7.06,,7.09,,"{'needs_recoding': False, 'longitude': '-99.36572062299967', 'latitude': '41.6410409880005', 'human_address': '{""address"":"""",""city"":"""",""state"":""Nebraska"",""zip"":""""}'}"
Nebraska,American Indian or Alaska Native,6,3,7.27,,6.78,,7.89,,7.06,,"{'needs_recoding': False, 'longitude': '-99.36572062299967', 'latitude': '41.6410409880005', 'human_address': '{""address"":"""",""city"":"""",""state"":""Nebraska"",""zip"":""""}'}"
Nebraska,Asian or Pacific Islander,5,3,8.05,,7.61,,8.55,,8.71,,"{'needs_recoding': False, 'longitude': '-99.36572062299967', 'latitude': '41.6410409880005', 'human_address': '{""address"":"""",""city"":"""",""state"":""Nebraska"",""zip"":""""}'}"
Nebraska,Black or African American,3,,13.07,,12.16,,13.12,,13.30,,"{'needs_recoding': False, 'longitude': '-99.36572062299967', 'latitude': '41.6410409880005', 'human_address': '{""address"":"""",""city"":"""",""state"":""Nebraska"",""zip"":""""}'}"
Nebraska,Hispanic or Latina,4,2,6.30,,6.20,,6.76,,6.60,,"{'needs_recoding': False, 'longitude': '-99.36572062299967', 'latitude': '41.6410409880005', 'human_address': '{""address"":"""",""city"":"""",""state"":""Nebraska"",""zip"":""""}'}"
Nebraska,White,2,,6.52,,6.76,,6.51,,6.58,,"{'needs_recoding': False, 'longitude': '-99.36572062299967', 'latitude': '41.6410409880005', 'human_address': '{""address"":"""",""city"":"""",""state"":""Nebraska"",""zip"":""""}'}"
Nevada,All races,1,,7.44,,8.11,,8.12,,8.13,,"{'needs_recoding': False, 'longitude': '-117.07184056399967', 'latitude': '39.493240390000494', 'human_address': '{""address"":"""",""city"":"""",""state"":""Nevada"",""zip"":""""}'}"
Nevada,American Indian or Alaska Native,6,3,6.80,,7.58,,7.45,,7.19,,"{'needs_recoding': False, 'longitude': '-117.07184056399967', 'latitude': '39.493240390000494', 'human_address': '{""address"":"""",""city"":"""",""state"":""Nevada"",""zip"":""""}'}"
Nevada,Asian or Pacific Islander,5,3,7.56,,10.35,,9.70,,9.29,,"{'needs_recoding': False, 'longitude': '-117.07184056399967', 'latitude': '39.493240390000494', 'human_address': '{""address"":"""",""city"":"""",""state"":""Nevada"",""zip"":""""}'}"
Nevada,Black or African American,3,,13.40,,13.98,,13.83,,13.72,,"{'needs_recoding': False, 'longitude': '-117.07184056399967', 'latitude': '39.493240390000494', 'human_address': '{""address"":"""",""city"":"""",""state"":""Nevada"",""zip"":""""}'}"
Nevada,Hispanic or Latina,4,2,6.34,,6.74,,6.73,,6.83,,"{'needs_recoding': False, 'longitude': '-117.07184056399967', 'latitude': '39.493240390000494', 'human_address': '{""address"":"""",""city"":"""",""state"":""Nevada"",""zip"":""""}'}"
Nevada,White,2,,7.19,,7.78,,7.87,,7.88,,"{'needs_recoding': False, 'longitude': '-117.07184056399967', 'latitude': '39.493240390000494', 'human_address': '{""address"":"""",""city"":"""",""state"":""Nevada"",""zip"":""""}'}"
New Hampshire,All races,1,,6.40,,6.65,,6.56,,6.76,,"{'needs_recoding': False, 'longitude': '-71.50036091999965', 'latitude': '43.65595011300047', 'human_address': '{""address"":"""",""city"":"""",""state"":""New Hampshire"",""zip"":""""}'}"
New Hampshire,American Indian or Alaska Native,6,3,,!,,!,,!,,!,"{'needs_recoding': False, 'longitude': '-71.50036091999965', 'latitude': '43.65595011300047', 'human_address': '{""address"":"""",""city"":"""",""state"":""New Hampshire"",""zip"":""""}'}"
New Hampshire,Asian or Pacific Islander,5,3,5.95,,7.75,,7.71,,7.53,,"{'needs_recoding': False, 'longitude': '-71.50036091999965', 'latitude': '43.65595011300047', 'human_address': '{""address"":"""",""city"":"""",""state"":""New Hampshire"",""zip"":""""}'}"
New Hampshire,Black or African American,3,,10.58,,10.85,,8.44,,9.51,,"{'needs_recoding': False, 'longitude': '-71.50036091999965', 'latitude': '43.65595011300047', 'human_address': '{""address"":"""",""city"":"""",""state"":""New Hampshire"",""zip"":""""}'}"
New Hampshire,Hispanic or Latina,4,2,4.84,,6.55,,7.44,,8.35,,"{'needs_recoding': False, 'longitude': '-71.50036091999965', 'latitude': '43.65595011300047', 'human_address': '{""address"":"""",""city"":"""",""state"":""New Hampshire"",""zip"":""""}'}"
New Hampshire,White,2,,6.24,,6.59,,6.48,,6.62,,"{'needs_recoding': False, 'longitude': '-71.50036091999965', 'latitude': '43.65595011300047', 'human_address': '{""address"":"""",""city"":"""",""state"":""New Hampshire"",""zip"":""""}'}"
New Jersey,All races,1,,7.89,,8.19,,8.41,,8.33,,"{'needs_recoding': False, 'longitude': '-74.27369128799967', 'latitude': '40.13057004800049', 'human_address': '{""address"":"""",""city"":"""",""state"":""New Jersey"",""zip"":""""}'}"
New Jersey,American Indian or Alaska Native,6,3,11.09,,9.83,,9.25,*,8.50,*,"{'needs_recoding': False, 'longitude': '-74.27369128799967', 'latitude': '40.13057004800049', 'human_address': '{""address"":"""",""city"":"""",""state"":""New Jersey"",""zip"":""""}'}"
New Jersey,Asian or Pacific Islander,5,3,7.57,,8.10,,8.52,,8.83,,"{'needs_recoding': False, 'longitude': '-74.27369128799967', 'latitude': '40.13057004800049', 'human_address': '{""address"":"""",""city"":"""",""state"":""New Jersey"",""zip"":""""}'}"
New Jersey,Black or African American,3,,13.20,,13.48,,13.19,,12.93,,"{'needs_recoding': False, 'longitude': '-74.27369128799967', 'latitude': '40.13057004800049', 'human_address': '{""address"":"""",""city"":"""",""state"":""New Jersey"",""zip"":""""}'}"
New Jersey,Hispanic or Latina,4,2,7.15,,7.27,,7.42,,7.31,,"{'needs_recoding': False, 'longitude': '-74.27369128799967', 'latitude': '40.13057004800049', 'human_address': '{""address"":"""",""city"":"""",""state"":""New Jersey"",""zip"":""""}'}"
New Jersey,White,2,,6.59,,7.11,,7.36,,7.25,,"{'needs_recoding': False, 'longitude': '-74.27369128799967', 'latitude': '40.13057004800049', 'human_address': '{""address"":"""",""city"":"""",""state"":""New Jersey"",""zip"":""""}'}"
New Mexico,All races,1,,7.99,,8.38,,8.52,,8.50,,"{'needs_recoding': False, 'longitude': '-106.24058098499967', 'latitude': '34.52088095200048', 'human_address': '{""address"":"""",""city"":"""",""state"":""New Mexico"",""zip"":""""}'}"
New Mexico,American Indian or Alaska Native,6,3,6.88,,7.32,,7.56,,7.39,,"{'needs_recoding': False, 'longitude': '-106.24058098499967', 'latitude': '34.52088095200048', 'human_address': '{""address"":"""",""city"":"""",""state"":""New Mexico"",""zip"":""""}'}"
New Mexico,Asian or Pacific Islander,5,3,7.67,,8.60,,8.93,,9.71,,"{'needs_recoding': False, 'longitude': '-106.24058098499967', 'latitude': '34.52088095200048', 'human_address': '{""address"":"""",""city"":"""",""state"":""New Mexico"",""zip"":""""}'}"
New Mexico,Black or African American,3,,13.88,,15.01,,14.68,,14.27,,"{'needs_recoding': False, 'longitude': '-106.24058098499967', 'latitude': '34.52088095200048', 'human_address': '{""address"":"""",""city"":"""",""state"":""New Mexico"",""zip"":""""}'}"
New Mexico,Hispanic or Latina,4,2,8.13,,8.45,,8.59,,8.54,,"{'needs_recoding': False, 'longitude': '-106.24058098499967', 'latitude': '34.52088095200048', 'human_address': '{""address"":"""",""city"":"""",""state"":""New Mexico"",""zip"":""""}'}"
New Mexico,White,2,,7.89,,8.33,,8.25,,8.38,,"{'needs_recoding': False, 'longitude': '-106.24058098499967', 'latitude': '34.52088095200048', 'human_address': '{""address"":"""",""city"":"""",""state"":""New Mexico"",""zip"":""""}'}"
New York,All races,1,,7.76,,8.11,,8.18,,8.21,,"{'needs_recoding': False, 'longitude': '-75.54397042699964', 'latitude': '42.82700103200045', 'human_address': '{""address"":"""",""city"":"""",""state"":""New York"",""zip"":""""}'}"
New York,American Indian or Alaska Native,6,3,7.81,,7.31,,6.47,,7.58,,"{'needs_recoding': False, 'longitude': '-75.54397042699964', 'latitude': '42.82700103200045', 'human_address': '{""address"":"""",""city"":"""",""state"":""New York"",""zip"":""""}'}"
New York,Asian or Pacific Islander,5,3,7.33,,7.89,,7.72,,7.95,,"{'needs_recoding': False, 'longitude': '-75.54397042699964', 'latitude': '42.82700103200045', 'human_address': '{""address"":"""",""city"":"""",""state"":""New York"",""zip"":""""}'}"
New York,Black or African American,3,,12.02,,12.78,,12.75,,12.82,,"{'needs_recoding': False, 'longitude': '-75.54397042699964', 'latitude': '42.82700103200045', 'human_address': '{""address"":"""",""city"":"""",""state"":""New York"",""zip"":""""}'}"
New York,Hispanic or Latina,4,2,7.38,,7.59,,7.78,,7.81,,"{'needs_recoding': False, 'longitude': '-75.54397042699964', 'latitude': '42.82700103200045', 'human_address': '{""address"":"""",""city"":"""",""state"":""New York"",""zip"":""""}'}"
New York,White,2,,6.48,,6.82,,6.88,,6.85,,"{'needs_recoding': False, 'longitude': '-75.54397042699964', 'latitude': '42.82700103200045', 'human_address': '{""address"":"""",""city"":"""",""state"":""New York"",""zip"":""""}'}"
North Carolina,All races,1,,8.90,,9.07,,9.12,,9.07,,"{'needs_recoding': False, 'longitude': '-79.15925046299964', 'latitude': '35.466220975000454', 'human_address': '{""address"":"""",""city"":"""",""state"":""North Carolina"",""zip"":""""}'}"
North Carolina,American Indian or Alaska Native,6,3,10.30,,11.01,,11.10,,11.00,,"{'needs_recoding': False, 'longitude': '-79.15925046299964', 'latitude': '35.466220975000454', 'human_address': '{""address"":"""",""city"":"""",""state"":""North Carolina"",""zip"":""""}'}"
North Carolina,Asian or Pacific Islander,5,3,8.20,,7.77,,8.71,,8.59,,"{'needs_recoding': False, 'longitude': '-79.15925046299964', 'latitude': '35.466220975000454', 'human_address': '{""address"":"""",""city"":"""",""state"":""North Carolina"",""zip"":""""}'}"
North Carolina,Black or African American,3,,13.83,,14.33,,14.43,,14.23,,"{'needs_recoding': False, 'longitude': '-79.15925046299964', 'latitude': '35.466220975000454', 'human_address': '{""address"":"""",""city"":"""",""state"":""North Carolina"",""zip"":""""}'}"
North Carolina,Hispanic or Latina,4,2,6.13,,6.27,,6.35,,6.28,,"{'needs_recoding': False, 'longitude': '-79.15925046299964', 'latitude': '35.466220975000454', 'human_address': '{""address"":"""",""city"":"""",""state"":""North Carolina"",""zip"":""""}'}"
North Carolina,White,2,,7.49,,7.73,,7.64,,7.64,,"{'needs_recoding': False, 'longitude': '-79.15925046299964', 'latitude': '35.466220975000454', 'human_address': '{""address"":"""",""city"":"""",""state"":""North Carolina"",""zip"":""""}'}"
North Dakota,All races,1,,6.28,,6.49,,6.49,,6.62,,"{'needs_recoding': False, 'longitude': '-100.11842104899966', 'latitude': '47.47531977900047', 'human_address': '{""address"":"""",""city"":"""",""state"":""North Dakota"",""zip"":""""}'}"
North Dakota,American Indian or Alaska Native,6,3,6.62,,6.78,,7.83,,8.64,,"{'needs_recoding': False, 'longitude': '-100.11842104899966', 'latitude': '47.47531977900047', 'human_address': '{""address"":"""",""city"":"""",""state"":""North Dakota"",""zip"":""""}'}"
North Dakota,Asian or Pacific Islander,5,3,,!,8.39,*,5.88,*,7.78,*,"{'needs_recoding': False, 'longitude': '-100.11842104899966', 'latitude': '47.47531977900047', 'human_address': '{""address"":"""",""city"":"""",""state"":""North Dakota"",""zip"":""""}'}"
North Dakota,Black or African American,3,,9.02,*,9.43,*,5.12,*,8.55,*,"{'needs_recoding': False, 'longitude': '-100.11842104899966', 'latitude': '47.47531977900047', 'human_address': '{""address"":"""",""city"":"""",""state"":""North Dakota"",""zip"":""""}'}"
North Dakota,Hispanic or Latina,4,2,8.10,*,5.84,*,7.02,,7.59,,"{'needs_recoding': False, 'longitude': '-100.11842104899966', 'latitude': '47.47531977900047', 'human_address': '{""address"":"""",""city"":"""",""state"":""North Dakota"",""zip"":""""}'}"
North Dakota,White,2,,6.13,,6.37,,6.31,,6.22,,"{'needs_recoding': False, 'longitude': '-100.11842104899966', 'latitude': '47.47531977900047', 'human_address': '{""address"":"""",""city"":"""",""state"":""North Dakota"",""zip"":""""}'}"
Ohio,All races,1,,8.07,,8.51,,8.64,,8.58,,"{'needs_recoding': False, 'longitude': '-82.40426005599966', 'latitude': '40.06021014100048', 'human_address': '{""address"":"""",""city"":"""",""state"":""Ohio"",""zip"":""""}'}"
Ohio,American Indian or Alaska Native,6,3,8.86,,10.22,,8.85,,9.13,,"{'needs_recoding': False, 'longitude': '-82.40426005599966', 'latitude': '40.06021014100048', 'human_address': '{""address"":"""",""city"":"""",""state"":""Ohio"",""zip"":""""}'}"
Ohio,Asian or Pacific Islander,5,3,7.86,,8.27,,8.51,,8.26,,"{'needs_recoding': False, 'longitude': '-82.40426005599966', 'latitude': '40.06021014100048', 'human_address': '{""address"":"""",""city"":"""",""state"":""Ohio"",""zip"":""""}'}"
Ohio,Black or African American,3,,13.45,,13.83,,14.19,,14.06,,"{'needs_recoding': False, 'longitude': '-82.40426005599966', 'latitude': '40.06021014100048', 'human_address': '{""address"":"""",""city"":"""",""state"":""Ohio"",""zip"":""""}'}"
Ohio,Hispanic or Latina,4,2,7.20,,7.13,,7.75,,7.49,,"{'needs_recoding': False, 'longitude': '-82.40426005599966', 'latitude': '40.06021014100048', 'human_address': '{""address"":"""",""city"":"""",""state"":""Ohio"",""zip"":""""}'}"
Ohio,White,2,,7.08,,7.53,,7.48,,7.43,,"{'needs_recoding': False, 'longitude': '-82.40426005599966', 'latitude': '40.06021014100048', 'human_address': '{""address"":"""",""city"":"""",""state"":""Ohio"",""zip"":""""}'}"
Oklahoma,All races,1,,7.75,,7.92,,8.28,,8.35,,"{'needs_recoding': False, 'longitude': '-97.52107021399968', 'latitude': '35.47203135600046', 'human_address': '{""address"":"""",""city"":"""",""state"":""Oklahoma"",""zip"":""""}'}"
Oklahoma,American Indian or Alaska Native,6,3,6.48,,6.69,,7.36,,7.44,,"{'needs_recoding': False, 'longitude': '-97.52107021399968', 'latitude': '35.47203135600046', 'human_address': '{""address"":"""",""city"":"""",""state"":""Oklahoma"",""zip"":""""}'}"
Oklahoma,Asian or Pacific Islander,5,3,7.87,,6.82,,6.87,,7.20,,"{'needs_recoding': False, 'longitude': '-97.52107021399968', 'latitude': '35.47203135600046', 'human_address': '{""address"":"""",""city"":"""",""state"":""Oklahoma"",""zip"":""""}'}"
Oklahoma,Black or African American,3,,13.57,,13.62,,14.71,,14.53,,"{'needs_recoding': False, 'longitude': '-97.52107021399968', 'latitude': '35.47203135600046', 'human_address': '{""address"":"""",""city"":"""",""state"":""Oklahoma"",""zip"":""""}'}"
Oklahoma,Hispanic or Latina,4,2,6.41,,6.46,,6.49,,6.71,,"{'needs_recoding': False, 'longitude': '-97.52107021399968', 'latitude': '35.47203135600046', 'human_address': '{""address"":"""",""city"":"""",""state"":""Oklahoma"",""zip"":""""}'}"
Oklahoma,White,2,,7.35,,7.63,,7.92,,7.98,,"{'needs_recoding': False, 'longitude': '-97.52107021399968', 'latitude': '35.47203135600046', 'human_address': '{""address"":"""",""city"":"""",""state"":""Oklahoma"",""zip"":""""}'}"
Oregon,All races,1,,5.65,,6.09,,6.13,,6.21,,"{'needs_recoding': False, 'longitude': '-120.15503132599969', 'latitude': '44.56744942400047', 'human_address': '{""address"":"""",""city"":"""",""state"":""Oregon"",""zip"":""""}'}"
Oregon,American Indian or Alaska Native,6,3,7.23,,7.34,,6.44,,6.85,,"{'needs_recoding': False, 'longitude': '-120.15503132599969', 'latitude': '44.56744942400047', 'human_address': '{""address"":"""",""city"":"""",""state"":""Oregon"",""zip"":""""}'}"
Oregon,Asian or Pacific Islander,5,3,6.78,,7.00,,7.20,,7.40,,"{'needs_recoding': False, 'longitude': '-120.15503132599969', 'latitude': '44.56744942400047', 'human_address': '{""address"":"""",""city"":"""",""state"":""Oregon"",""zip"":""""}'}"
Oregon,Black or African American,3,,10.32,,11.16,,10.21,,10.51,,"{'needs_recoding': False, 'longitude': '-120.15503132599969', 'latitude': '44.56744942400047', 'human_address': '{""address"":"""",""city"":"""",""state"":""Oregon"",""zip"":""""}'}"
Oregon,Hispanic or Latina,4,2,5.54,,5.43,,5.97,,6.04,,"{'needs_recoding': False, 'longitude': '-120.15503132599969', 'latitude': '44.56744942400047', 'human_address': '{""address"":"""",""city"":"""",""state"":""Oregon"",""zip"":""""}'}"
Oregon,White,2,,5.44,,6.02,,5.95,,5.99,,"{'needs_recoding': False, 'longitude': '-120.15503132599969', 'latitude': '44.56744942400047', 'human_address': '{""address"":"""",""city"":"""",""state"":""Oregon"",""zip"":""""}'}"
Pennsylvania,All races,1,,7.93,,8.20,,8.36,,8.33,,"{'needs_recoding': False, 'longitude': '-77.86070029399963', 'latitude': '40.79373015200048', 'human_address': '{""address"":"""",""city"":"""",""state"":""Pennsylvania"",""zip"":""""}'}"
Pennsylvania,American Indian or Alaska Native,6,3,9.15,,10.95,,10.43,,9.47,,"{'needs_recoding': False, 'longitude': '-77.86070029399963', 'latitude': '40.79373015200048', 'human_address': '{""address"":"""",""city"":"""",""state"":""Pennsylvania"",""zip"":""""}'}"
Pennsylvania,Asian or Pacific Islander,5,3,7.48,,7.99,,8.32,,8.11,,"{'needs_recoding': False, 'longitude': '-77.86070029399963', 'latitude': '40.79373015200048', 'human_address': '{""address"":"""",""city"":"""",""state"":""Pennsylvania"",""zip"":""""}'}"
Pennsylvania,Black or African American,3,,13.79,,13.67,,13.55,,13.43,,"{'needs_recoding': False, 'longitude': '-77.86070029399963', 'latitude': '40.79373015200048', 'human_address': '{""address"":"""",""city"":"""",""state"":""Pennsylvania"",""zip"":""""}'}"
Pennsylvania,Hispanic or Latina,4,2,8.97,,9.00,,8.90,,8.79,,"{'needs_recoding': False, 'longitude': '-77.86070029399963', 'latitude': '40.79373015200048', 'human_address': '{""address"":"""",""city"":"""",""state"":""Pennsylvania"",""zip"":""""}'}"
Pennsylvania,White,2,,6.78,,7.06,,7.14,,7.15,,"{'needs_recoding': False, 'longitude': '-77.86070029399963', 'latitude': '40.79373015200048', 'human_address': '{""address"":"""",""city"":"""",""state"":""Pennsylvania"",""zip"":""""}'}"
Rhode Island,All races,1,,7.47,,8.12,,7.98,,7.87,,"{'needs_recoding': False, 'longitude': '-71.52247031399963', 'latitude': '41.70828019300046', 'human_address': '{""address"":"""",""city"":"""",""state"":""Rhode Island"",""zip"":""""}'}"
Rhode Island,American Indian or Alaska Native,6,3,10.32,*,13.66,,11.34,,10.40,,"{'needs_recoding': False, 'longitude': '-71.52247031399963', 'latitude': '41.70828019300046', 'human_address': '{""address"":"""",""city"":"""",""state"":""Rhode Island"",""zip"":""""}'}"
Rhode Island,Asian or Pacific Islander,5,3,9.31,,10.11,,8.83,,9.32,,"{'needs_recoding': False, 'longitude': '-71.52247031399963', 'latitude': '41.70828019300046', 'human_address': '{""address"":"""",""city"":"""",""state"":""Rhode Island"",""zip"":""""}'}"
Rhode Island,Black or African American,3,,12.32,,11.22,,10.83,,11.06,,"{'needs_recoding': False, 'longitude': '-71.52247031399963', 'latitude': '41.70828019300046', 'human_address': '{""address"":"""",""city"":"""",""state"":""Rhode Island"",""zip"":""""}'}"
Rhode Island,Hispanic or Latina,4,2,7.20,,8.61,,7.92,,7.99,,"{'needs_recoding': False, 'longitude': '-71.52247031399963', 'latitude': '41.70828019300046', 'human_address': '{""address"":"""",""city"":"""",""state"":""Rhode Island"",""zip"":""""}'}"
Rhode Island,White,2,,6.75,,7.39,,7.26,,7.03,,"{'needs_recoding': False, 'longitude': '-71.52247031399963', 'latitude': '41.70828019300046', 'human_address': '{""address"":"""",""city"":"""",""state"":""Rhode Island"",""zip"":""""}'}"
South Carolina,All races,1,,9.74,,10.15,,10.00,,9.92,,"{'needs_recoding': False, 'longitude': '-81.04537120699968', 'latitude': '33.998821303000454', 'human_address': '{""address"":"""",""city"":"""",""state"":""South Carolina"",""zip"":""""}'}"
South Carolina,American Indian or Alaska Native,6,3,10.22,,10.75,,7.29,,8.45,,"{'needs_recoding': False, 'longitude': '-81.04537120699968', 'latitude': '33.998821303000454', 'human_address': '{""address"":"""",""city"":"""",""state"":""South Carolina"",""zip"":""""}'}"
South Carolina,Asian or Pacific Islander,5,3,8.02,,8.13,,8.44,,8.99,,"{'needs_recoding': False, 'longitude': '-81.04537120699968', 'latitude': '33.998821303000454', 'human_address': '{""address"":"""",""city"":"""",""state"":""South Carolina"",""zip"":""""}'}"
South Carolina,Black or African American,3,,14.29,,15.19,,14.80,,14.69,,"{'needs_recoding': False, 'longitude': '-81.04537120699968', 'latitude': '33.998821303000454', 'human_address': '{""address"":"""",""city"":"""",""state"":""South Carolina"",""zip"":""""}'}"
South Carolina,Hispanic or Latina,4,2,6.87,,6.66,,6.57,,6.54,,"{'needs_recoding': False, 'longitude': '-81.04537120699968', 'latitude': '33.998821303000454', 'human_address': '{""address"":"""",""city"":"""",""state"":""South Carolina"",""zip"":""""}'}"
South Carolina,White,2,,7.40,,7.82,,7.80,,7.74,,"{'needs_recoding': False, 'longitude': '-81.04537120699968', 'latitude': '33.998821303000454', 'human_address': '{""address"":"""",""city"":"""",""state"":""South Carolina"",""zip"":""""}'}"
South Dakota,All races,1,,6.58,,6.71,,6.43,,6.38,,"{'needs_recoding': False, 'longitude': '-100.3735306369997', 'latitude': '44.353130053000484', 'human_address': '{""address"":"""",""city"":"""",""state"":""South Dakota"",""zip"":""""}'}"
South Dakota,American Indian or Alaska Native,6,3,6.84,,7.04,,6.63,,6.14,,"{'needs_recoding': False, 'longitude': '-100.3735306369997', 'latitude': '44.353130053000484', 'human_address': '{""address"":"""",""city"":"""",""state"":""South Dakota"",""zip"":""""}'}"
South Dakota,Asian or Pacific Islander,5,3,11.39,*,9.50,*,9.80,*,9.96,*,"{'needs_recoding': False, 'longitude': '-100.3735306369997', 'latitude': '44.353130053000484', 'human_address': '{""address"":"""",""city"":"""",""state"":""South Dakota"",""zip"":""""}'}"
South Dakota,Black or African American,3,,11.51,*,7.27,*,11.00,,10.83,,"{'needs_recoding': False, 'longitude': '-100.3735306369997', 'latitude': '44.353130053000484', 'human_address': '{""address"":"""",""city"":"""",""state"":""South Dakota"",""zip"":""""}'}"
South Dakota,Hispanic or Latina,4,2,6.89,,5.94,,7.11,,6.85,,"{'needs_recoding': False, 'longitude': '-100.3735306369997', 'latitude': '44.353130053000484', 'human_address': '{""address"":"""",""city"":"""",""state"":""South Dakota"",""zip"":""""}'}"
South Dakota,White,2,,6.37,,6.62,,6.18,,6.23,,"{'needs_recoding': False, 'longitude': '-100.3735306369997', 'latitude': '44.353130053000484', 'human_address': '{""address"":"""",""city"":"""",""state"":""South Dakota"",""zip"":""""}'}"
Tennessee,All races,1,,9.20,,9.35,,9.27,,9.13,,"{'needs_recoding': False, 'longitude': '-85.77449091399967', 'latitude': '35.68094058000048', 'human_address': '{""address"":"""",""city"":"""",""state"":""Tennessee"",""zip"":""""}'}"
Tennessee,American Indian or Alaska Native,6,3,7.11,*,6.63,*,5.63,,5.95,,"{'needs_recoding': False, 'longitude': '-85.77449091399967', 'latitude': '35.68094058000048', 'human_address': '{""address"":"""",""city"":"""",""state"":""Tennessee"",""zip"":""""}'}"
Tennessee,Asian or Pacific Islander,5,3,8.60,,7.76,,8.48,,8.04,,"{'needs_recoding': False, 'longitude': '-85.77449091399967', 'latitude': '35.68094058000048', 'human_address': '{""address"":"""",""city"":"""",""state"":""Tennessee"",""zip"":""""}'}"
Tennessee,Black or African American,3,,14.23,,14.51,,14.11,,13.89,,"{'needs_recoding': False, 'longitude': '-85.77449091399967', 'latitude': '35.68094058000048', 'human_address': '{""address"":"""",""city"":"""",""state"":""Tennessee"",""zip"":""""}'}"
Tennessee,Hispanic or Latina,4,2,6.28,,6.04,,6.30,,6.28,,"{'needs_recoding': False, 'longitude': '-85.77449091399967', 'latitude': '35.68094058000048', 'human_address': '{""address"":"""",""city"":"""",""state"":""Tennessee"",""zip"":""""}'}"
Tennessee,White,2,,7.95,,8.26,,8.18,,8.06,,"{'needs_recoding': False, 'longitude': '-85.77449091399967', 'latitude': '35.68094058000048', 'human_address': '{""address"":"""",""city"":"""",""state"":""Tennessee"",""zip"":""""}'}"
Texas,All races,1,,7.54,,8.07,,8.44,,8.45,,"{'needs_recoding': False, 'longitude': '-99.42677020599967', 'latitude': '31.827240407000488', 'human_address': '{""address"":"""",""city"":"""",""state"":""Texas"",""zip"":""""}'}"
Texas,American Indian or Alaska Native,6,3,6.67,,7.33,,7.64,,7.58,,"{'needs_recoding': False, 'longitude': '-99.42677020599967', 'latitude': '31.827240407000488', 'human_address': '{""address"":"""",""city"":"""",""state"":""Texas"",""zip"":""""}'}"
Texas,Asian or Pacific Islander,5,3,7.78,,8.33,,9.01,,9.31,,"{'needs_recoding': False, 'longitude': '-99.42677020599967', 'latitude': '31.827240407000488', 'human_address': '{""address"":"""",""city"":"""",""state"":""Texas"",""zip"":""""}'}"
Texas,Black or African American,3,,12.82,,13.91,,14.17,,14.03,,"{'needs_recoding': False, 'longitude': '-99.42677020599967', 'latitude': '31.827240407000488', 'human_address': '{""address"":"""",""city"":"""",""state"":""Texas"",""zip"":""""}'}"
Texas,Hispanic or Latina,4,2,6.88,,7.23,,7.59,,7.64,,"{'needs_recoding': False, 'longitude': '-99.42677020599967', 'latitude': '31.827240407000488', 'human_address': '{""address"":"""",""city"":"""",""state"":""Texas"",""zip"":""""}'}"
Texas,White,2,,6.81,,7.43,,7.73,,7.67,,"{'needs_recoding': False, 'longitude': '-99.42677020599967', 'latitude': '31.827240407000488', 'human_address': '{""address"":"""",""city"":"""",""state"":""Texas"",""zip"":""""}'}"
United States,All races,1,,7.69,,8.07,,8.19,,8.16,,"{'needs_recoding': False, 'human_address': '{""address"":"""",""city"":"""",""state"":""United States"",""zip"":""""}'}"
United States,American Indian or Alaska Native,6,3,7.11,,7.39,,7.38,,7.43,,"{'needs_recoding': False, 'human_address': '{""address"":"""",""city"":"""",""state"":""United States"",""zip"":""""}'}"
United States,Asian or Pacific Islander,5,3,7.54,,7.89,,8.18,,8.31,,"{'needs_recoding': False, 'human_address': '{""address"":"""",""city"":"""",""state"":""United States"",""zip"":""""}'}"
United States,Black or African American,3,,13.19,,13.77,,13.74,,13.62,,"{'needs_recoding': False, 'human_address': '{""address"":"""",""city"":"""",""state"":""United States"",""zip"":""""}'}"
United States,Hispanic or Latina,4,2,6.48,,6.79,,6.94,,6.96,,"{'needs_recoding': False, 'human_address': '{""address"":"""",""city"":"""",""state"":""United States"",""zip"":""""}'}"
United States,White,2,,6.75,,7.18,,7.23,,7.18,,"{'needs_recoding': False, 'human_address': '{""address"":"""",""city"":"""",""state"":""United States"",""zip"":""""}'}"
Utah,All races,1,,6.48,,6.68,,6.82,,6.93,,"{'needs_recoding': False, 'longitude': '-111.58713063499971', 'latitude': '39.360700171000474', 'human_address': '{""address"":"""",""city"":"""",""state"":""Utah"",""zip"":""""}'}"
Utah,American Indian or Alaska Native,6,3,6.37,,7.46,,7.78,,7.34,,"{'needs_recoding': False, 'longitude': '-111.58713063499971', 'latitude': '39.360700171000474', 'human_address': '{""address"":"""",""city"":"""",""state"":""Utah"",""zip"":""""}'}"
Utah,Asian or Pacific Islander,5,3,7.23,,8.20,,8.24,,9.14,,"{'needs_recoding': False, 'longitude': '-111.58713063499971', 'latitude': '39.360700171000474', 'human_address': '{""address"":"""",""city"":"""",""state"":""Utah"",""zip"":""""}'}"
Utah,Black or African American,3,,13.09,,12.05,,10.99,,11.24,,"{'needs_recoding': False, 'longitude': '-111.58713063499971', 'latitude': '39.360700171000474', 'human_address': '{""address"":"""",""city"":"""",""state"":""Utah"",""zip"":""""}'}"
Utah,Hispanic or Latina,4,2,7.20,,7.26,,7.44,,7.48,,"{'needs_recoding': False, 'longitude': '-111.58713063499971', 'latitude': '39.360700171000474', 'human_address': '{""address"":"""",""city"":"""",""state"":""Utah"",""zip"":""""}'}"
Utah,White,2,,6.28,,6.45,,6.55,,6.66,,"{'needs_recoding': False, 'longitude': '-111.58713063499971', 'latitude': '39.360700171000474', 'human_address': '{""address"":"""",""city"":"""",""state"":""Utah"",""zip"":""""}'}"
Vermont,All races,1,,6.15,,6.57,,6.63,,6.62,,"{'needs_recoding': False, 'longitude': '-72.51764079099962', 'latitude': '43.62538123900049', 'human_address': '{""address"":"""",""city"":"""",""state"":""Vermont"",""zip"":""""}'}"
Vermont,American Indian or Alaska Native,6,3,,,,,,,,,"{'needs_recoding': False, 'longitude': '-72.51764079099962', 'latitude': '43.62538123900049', 'human_address': '{""address"":"""",""city"":"""",""state"":""Vermont"",""zip"":""""}'}"
Vermont,Asian or Pacific Islander,5,3,,!,8.08,*,6.96,*,6.87,*,"{'needs_recoding': False, 'longitude': '-72.51764079099962', 'latitude': '43.62538123900049', 'human_address': '{""address"":"""",""city"":"""",""state"":""Vermont"",""zip"":""""}'}"
Vermont,Black or African American,3,,,!,,!,,!,8.42,*,"{'needs_recoding': False, 'longitude': '-72.51764079099962', 'latitude': '43.62538123900049', 'human_address': '{""address"":"""",""city"":"""",""state"":""Vermont"",""zip"":""""}'}"
Vermont,Hispanic or Latina,4,2,,!,,!,,!,,!,"{'needs_recoding': False, 'longitude': '-72.51764079099962', 'latitude': '43.62538123900049', 'human_address': '{""address"":"""",""city"":"""",""state"":""Vermont"",""zip"":""""}'}"
Vermont,White,2,,6.12,,6.55,,6.59,,6.57,,"{'needs_recoding': False, 'longitude': '-72.51764079099962', 'latitude': '43.62538123900049', 'human_address': '{""address"":"""",""city"":"""",""state"":""Vermont"",""zip"":""""}'}"
Virginia,All races,1,,7.90,,8.23,,8.41,,8.29,,"{'needs_recoding': False, 'longitude': '-78.45789046299967', 'latitude': '37.54268067400045', 'human_address': '{""address"":"""",""city"":"""",""state"":""Virginia"",""zip"":""""}'}"
Virginia,American Indian or Alaska Native,6,3,10.73,*,9.20,*,4.86,*,4.69,*,"{'needs_recoding': False, 'longitude': '-78.45789046299967', 'latitude': '37.54268067400045', 'human_address': '{""address"":"""",""city"":"""",""state"":""Virginia"",""zip"":""""}'}"
Virginia,Asian or Pacific Islander,5,3,7.50,,7.71,,7.94,,8.12,,"{'needs_recoding': False, 'longitude': '-78.45789046299967', 'latitude': '37.54268067400045', 'human_address': '{""address"":"""",""city"":"""",""state"":""Virginia"",""zip"":""""}'}"
Virginia,Black or African American,3,,12.56,,12.83,,13.27,,12.88,,"{'needs_recoding': False, 'longitude': '-78.45789046299967', 'latitude': '37.54268067400045', 'human_address': '{""address"":"""",""city"":"""",""state"":""Virginia"",""zip"":""""}'}"
Virginia,Hispanic or Latina,4,2,6.07,,6.28,,6.39,,6.39,,"{'needs_recoding': False, 'longitude': '-78.45789046299967', 'latitude': '37.54268067400045', 'human_address': '{""address"":"""",""city"":"""",""state"":""Virginia"",""zip"":""""}'}"
Virginia,White,2,,6.54,,7.01,,7.09,,7.01,,"{'needs_recoding': False, 'longitude': '-78.45789046299967', 'latitude': '37.54268067400045', 'human_address': '{""address"":"""",""city"":"""",""state"":""Virginia"",""zip"":""""}'}"
Washington,All races,1,,5.75,,6.13,,6.30,,6.31,,"{'needs_recoding': False, 'longitude': '-120.47001078999972', 'latitude': '47.52227862900048', 'human_address': '{""address"":"""",""city"":"""",""state"":""Washington"",""zip"":""""}'}"
Washington,American Indian or Alaska Native,6,3,7.08,,7.31,,7.45,,7.31,,"{'needs_recoding': False, 'longitude': '-120.47001078999972', 'latitude': '47.52227862900048', 'human_address': '{""address"":"""",""city"":"""",""state"":""Washington"",""zip"":""""}'}"
Washington,Asian or Pacific Islander,5,3,6.37,,6.90,,7.41,,7.26,,"{'needs_recoding': False, 'longitude': '-120.47001078999972', 'latitude': '47.52227862900048', 'human_address': '{""address"":"""",""city"":"""",""state"":""Washington"",""zip"":""""}'}"
Washington,Black or African American,3,,10.34,,10.63,,9.71,,9.54,,"{'needs_recoding': False, 'longitude': '-120.47001078999972', 'latitude': '47.52227862900048', 'human_address': '{""address"":"""",""city"":"""",""state"":""Washington"",""zip"":""""}'}"
Washington,Hispanic or Latina,4,2,5.31,,5.93,,5.89,,6.10,,"{'needs_recoding': False, 'longitude': '-120.47001078999972', 'latitude': '47.52227862900048', 'human_address': '{""address"":"""",""city"":"""",""state"":""Washington"",""zip"":""""}'}"
Washington,White,2,,5.43,,5.63,,5.95,,5.92,,"{'needs_recoding': False, 'longitude': '-120.47001078999972', 'latitude': '47.52227862900048', 'human_address': '{""address"":"""",""city"":"""",""state"":""Washington"",""zip"":""""}'}"
West Virginia,All races,1,,8.60,,9.16,,9.42,,9.31,,"{'needs_recoding': False, 'longitude': '-80.71264013499967', 'latitude': '38.66551020200046', 'human_address': '{""address"":"""",""city"":"""",""state"":""West Virginia"",""zip"":""""}'}"
West Virginia,American Indian or Alaska Native,6,3,,,,,,,,,"{'needs_recoding': False, 'longitude': '-80.71264013499967', 'latitude': '38.66551020200046', 'human_address': '{""address"":"""",""city"":"""",""state"":""West Virginia"",""zip"":""""}'}"
West Virginia,Asian or Pacific Islander,5,3,9.16,*,9.51,*,6.27,*,6.56,*,"{'needs_recoding': False, 'longitude': '-80.71264013499967', 'latitude': '38.66551020200046', 'human_address': '{""address"":"""",""city"":"""",""state"":""West Virginia"",""zip"":""""}'}"
West Virginia,Black or African American,3,,13.81,,13.15,,14.75,,14.75,,"{'needs_recoding': False, 'longitude': '-80.71264013499967', 'latitude': '38.66551020200046', 'human_address': '{""address"":"""",""city"":"""",""state"":""West Virginia"",""zip"":""""}'}"
West Virginia,Hispanic or Latina,4,2,,!,6.06,*,6.17,*,5.81,*,"{'needs_recoding': False, 'longitude': '-80.71264013499967', 'latitude': '38.66551020200046', 'human_address': '{""address"":"""",""city"":"""",""state"":""West Virginia"",""zip"":""""}'}"
West Virginia,White,2,,8.39,,9.03,,9.26,,9.14,,"{'needs_recoding': False, 'longitude': '-80.71264013499967', 'latitude': '38.66551020200046', 'human_address': '{""address"":"""",""city"":"""",""state"":""West Virginia"",""zip"":""""}'}"
Wisconsin,All races,1,,6.58,,6.93,,7.03,,7.05,,"{'needs_recoding': False, 'longitude': '-89.81637074199966', 'latitude': '44.39319117400049', 'human_address': '{""address"":"""",""city"":"""",""state"":""Wisconsin"",""zip"":""""}'}"
Wisconsin,American Indian or Alaska Native,6,3,6.12,,6.04,,6.64,,6.81,,"{'needs_recoding': False, 'longitude': '-89.81637074199966', 'latitude': '44.39319117400049', 'human_address': '{""address"":"""",""city"":"""",""state"":""Wisconsin"",""zip"":""""}'}"
Wisconsin,Asian or Pacific Islander,5,3,6.97,,7.50,,7.31,,7.35,,"{'needs_recoding': False, 'longitude': '-89.81637074199966', 'latitude': '44.39319117400049', 'human_address': '{""address"":"""",""city"":"""",""state"":""Wisconsin"",""zip"":""""}'}"
Wisconsin,Black or African American,3,,13.25,,13.59,,13.55,,13.65,,"{'needs_recoding': False, 'longitude': '-89.81637074199966', 'latitude': '44.39319117400049', 'human_address': '{""address"":"""",""city"":"""",""state"":""Wisconsin"",""zip"":""""}'}"
Wisconsin,Hispanic or Latina,4,2,6.13,,6.34,,6.26,,6.06,,"{'needs_recoding': False, 'longitude': '-89.81637074199966', 'latitude': '44.39319117400049', 'human_address': '{""address"":"""",""city"":"""",""state"":""Wisconsin"",""zip"":""""}'}"
Wisconsin,White,2,,5.83,,6.18,,6.24,,6.27,,"{'needs_recoding': False, 'longitude': '-89.81637074199966', 'latitude': '44.39319117400049', 'human_address': '{""address"":"""",""city"":"""",""state"":""Wisconsin"",""zip"":""""}'}"
Wyoming,All races,1,,8.35,,8.71,,8.61,,8.56,,"{'needs_recoding': False, 'longitude': '-108.10983035299967', 'latitude': '43.23554134300048', 'human_address': '{""address"":"""",""city"":"""",""state"":""Wyoming"",""zip"":""""}'}"
Wyoming,American Indian or Alaska Native,6,3,9.55,,8.39,,9.16,,8.55,,"{'needs_recoding': False, 'longitude': '-108.10983035299967', 'latitude': '43.23554134300048', 'human_address': '{""address"":"""",""city"":"""",""state"":""Wyoming"",""zip"":""""}'}"
Wyoming,Asian or Pacific Islander,5,3,12.04,*,,!,13.38,*,12.98,*,"{'needs_recoding': False, 'longitude': '-108.10983035299967', 'latitude': '43.23554134300048', 'human_address': '{""address"":"""",""city"":"""",""state"":""Wyoming"",""zip"":""""}'}"
Wyoming,Black or African American,3,,13.29,*,,!,14.51,*,15.50,*,"{'needs_recoding': False, 'longitude': '-108.10983035299967', 'latitude': '43.23554134300048', 'human_address': '{""address"":"""",""city"":"""",""state"":""Wyoming"",""zip"":""""}'}"
Wyoming,Hispanic or Latina,4,2,8.81,,8.43,,8.87,,9.59,,"{'needs_recoding': False, 'longitude': '-108.10983035299967', 'latitude': '43.23554134300048', 'human_address': '{""address"":"""",""city"":"""",""state"":""Wyoming"",""zip"":""""}'}"
Wyoming,White,2,,8.12,,8.74,,8.41,,8.26,,"{'needs_recoding': False, 'longitude': '-108.10983035299967', 'latitude': '43.23554134300048', 'human_address': '{""address"":"""",""city"":"""",""state"":""Wyoming"",""zip"":""""}'}"
